epoch,step,train_loss
0,49,0.02889028750360012
0,99,0.031357891857624054
0,149,0.029040470719337463
0,199,0.02844342403113842
0,249,0.026798656210303307
