epoch,step,train_loss_epoch
0,8,0.700944185256958
1,17,0.7011557221412659
2,26,0.7010887265205383
3,35,0.7009556293487549
4,44,0.7009512782096863
