epoch,step,train_loss,val_auc,val_loss
0,49,0.0296124629676342,,
0,99,0.028998717665672302,,
0,118,,0.5466236472129822,0.029513010755181313
1,149,0.030355947092175484,,
