epoch,step,train_auc,train_loss_epoch,train_loss_step
0,35,0.4986949563026428,0.7010596990585327,
1,49,,,0.7004643082618713
1,71,0.5111225247383118,0.7009913325309753,
2,99,,,0.7012165188789368
2,107,0.49330732226371765,0.7010533213615417,
3,143,0.49712082743644714,0.7010627388954163,
4,149,,,0.7017374634742737
4,179,0.49635955691337585,0.7008905410766602,
