epoch,step,train_loss_epoch,train_loss_step
0,44,0.12913334369659424,
1,49,,0.03296567127108574
1,89,0.031477272510528564,
2,99,,0.032231464982032776
2,134,0.03111138939857483,
3,149,,0.03126566484570503
3,179,0.030971011146903038,
4,199,,0.029765328392386436
4,224,0.030807355418801308,
