epoch,step,train_loss,val_auc,val_loss
0,49,0.030636273324489594,,
0,58,,0.4743187129497528,0.03129851073026657
