epoch,step,val_loss
0,8,0.04810366407036781
1,17,0.0669841542840004
2,26,0.05048185586929321
3,35,0.040504418313503265
4,44,0.03303749859333038
