epoch,step,train_loss,val_auc,val_loss
0,49,0.024462129920721054,,
0,99,0.024771954864263535,,
0,120,,0.42991289496421814,0.0224937554448843
1,149,0.020586393773555756,,
