epoch,step,train_loss_epoch,train_loss_step
0,43,0.12966503202915192,
1,49,,0.032569460570812225
1,87,0.03159128874540329,
2,99,,0.03067648597061634
2,131,0.031185679137706757,
3,149,,0.031017813831567764
3,175,0.0306431632488966,
4,199,,0.030734850093722343
4,219,0.031031332910060883,
