epoch,step,train_loss
0,49,0.031101658940315247
0,99,0.0310430359095335
