epoch,step,train_loss,val_auc,val_loss
0,49,0.03126029297709465,,
0,99,0.03146654739975929,,
0,149,0.03235418722033501,,
0,199,0.031100528314709663,,
0,249,0.02883100137114525,,
0,299,0.03156489506363869,,
0,349,0.030701786279678345,,
0,355,,0.6301223039627075,0.029190286993980408
1,399,0.029709381982684135,,
1,449,0.025718918070197105,,
1,499,0.02733028493821621,,
1,549,0.026133514940738678,,
1,599,0.02474721148610115,,
1,649,0.022074546664953232,,
1,699,0.021181564778089523,,
