epoch,step,train_loss,val_auc,val_loss
0,48,,0.45667433738708496,0.030845480039715767
1,49,0.031174825504422188,,
1,97,,0.537813663482666,0.02995501272380352
2,99,0.03191317245364189,,
