epoch,step,train_loss
0,49,0.02427445910871029
0,99,0.02471277117729187
