epoch,step,train_loss
0,49,0.03314628824591637
0,99,0.03252847492694855
